<?xml version="1.0" encoding="UTF-8"?>
<project-private xmlns="http://www.netbeans.org/ns/project-private/1">
    <editor-bookmarks xmlns="http://www.netbeans.org/ns/editor-bookmarks/2" lastBookmarkId="0"/>
    <open-files xmlns="http://www.netbeans.org/ns/projectui-open-files/2">
        <group name="Examenes">
            <file>file:/C:/Users/alumno/Documents/NetBeansProjects/Workspace/Programacion-25-26/Examenes/Sanchez_Barroso_Alejandro_Examen/src/sanchez_barroso_alejandro_examen/Utilidades.java</file>
            <file>file:/C:/Users/alumno/Documents/NetBeansProjects/Workspace/Programacion-25-26/Examenes/Sanchez_Barroso_Alejandro_Examen/src/sanchez_barroso_alejandro_examen/Calculos.java</file>
            <file>file:/C:/Users/alumno/Documents/NetBeansProjects/Workspace/Programacion-25-26/Examenes/Sanchez_Barroso_Alejandro_Examen/src/sanchez_barroso_alejandro_examen/Sanchez_Barroso_Alejandro_Examen.java</file>
        </group>
    </open-files>
</project-private>
